"101","Van Cortlandt Park - 242 St","1S"
"103","238 St","1S"
"104","231 St","1S"
"106","Marble Hill - 225 St","1S"
"107","215 St","1S"
"108","207 St","1S"
"109","Dyckman St","1S"
"110","191 St","1S"
"111","181 St","1S"
"112","168 St - Washington Hts","1S"
"113","157 St","1S"
"114","145 St","1S"
"115","137 St - City College","1S"
"116","125 St","1S"
"117","116 St - Columbia University","1S"
"118","Cathedral Pkwy","1S"
"119","103 St","1S"
"120","96 St","1S"
"121","86 St","1S"
"122","79 St","1S"
"123","72 St","1S"
"124","66 St - Lincoln Center","1S"
"125","59 St - Columbus Circle","1S"
"126","50 St","1S"
"127","Times Sq - 42 St","1S"
"128","34 St - Penn Station","1S"
"129","28 St","1S"
"130","23 St","1S"
"131","18 St","1S"
"132","14 St","1S"
"133","Christopher St - Sheridan Sq","1S"
"134","Houston St","1S"
"135","Canal St","1S"
"136","Franklin St","1S"
"137","Chambers St","1S"
"138","Cortlandt St","1S"
"139","Rector St","1S"
"142","South Ferry","1S"
"142","South Ferry","1N"
"139","Rector St","1N"
"138","Cortlandt St","1N"
"137","Chambers St","1N"
"136","Franklin St","1N"
"135","Canal St","1N"
"134","Houston St","1N"
"133","Christopher St - Sheridan Sq","1N"
"132","14 St","1N"
"131","18 St","1N"
"130","23 St","1N"
"129","28 St","1N"
"128","34 St - Penn Station","1N"
"127","Times Sq - 42 St","1N"
"126","50 St","1N"
"125","59 St - Columbus Circle","1N"
"124","66 St - Lincoln Center","1N"
"123","72 St","1N"
"122","79 St","1N"
"121","86 St","1N"
"120","96 St","1N"
"119","103 St","1N"
"118","Cathedral Pkwy","1N"
"117","116 St - Columbia University","1N"
"116","125 St","1N"
"115","137 St - City College","1N"
"114","145 St","1N"
"113","157 St","1N"
"112","168 St - Washington Hts","1N"
"111","181 St","1N"
"110","191 St","1N"
"109","Dyckman St","1N"
"108","207 St","1N"
"107","215 St","1N"
"106","Marble Hill - 225 St","1N"
"104","231 St","1N"
"103","238 St","1N"
"101","Van Cortlandt Park - 242 St","1N"
"201","Wakefield - 241 St","2S"
"204","Nereid Av","2S"
"205","233 St","2S"
"206","225 St","2S"
"207","219 St","2S"
"208","Gun Hill Rd","2S"
"209","Burke Av","2S"
"210","Allerton Av","2S"
"211","Pelham Pkwy","2S"
"212","Bronx Park East","2S"
"213","E 180 St","2S"
"214","West Farms Sq - E Tremont Av","2S"
"215","174 St","2S"
"216","Freeman St","2S"
"217","Simpson St","2S"
"218","Intervale Av","2S"
"219","Prospect Av","2S"
"220","Jackson Av","2S"
"221","3 Av - 149 St","2S"
"222","149 St - Grand Concourse","2S"
"224","135 St","2S"
"225","125 St","2S"
"226","116 St","2S"
"227","Central Park North (110 St)","2S"
"120","96 St","2S"
"121","86 St","2S"
"122","79 St","2S"
"123","72 St","2S"
"124","66 St - Lincoln Center","2S"
"125","59 St - Columbus Circle","2S"
"126","50 St","2S"
"127","Times Sq - 42 St","2S"
"128","34 St - Penn Station","2S"
"129","28 St","2S"
"130","23 St","2S"
"131","18 St","2S"
"132","14 St","2S"
"133","Christopher St - Sheridan Sq","2S"
"134","Houston St","2S"
"135","Canal St","2S"
"136","Franklin St","2S"
"137","Chambers St","2S"
"228","Park Pl","2S"
"229","Fulton St","2S"
"230","Wall St","2S"
"231","Clark St","2S"
"232","Borough Hall","2S"
"233","Hoyt St","2S"
"234","Nevins St","2S"
"235","Atlantic Av - Barclays Ctr","2S"
"236","Bergen St","2S"
"237","Grand Army Plaza","2S"
"238","Eastern Pkwy - Brooklyn Museum","2S"
"239","Franklin Av","2S"
"241","President St","2S"
"242","Sterling St","2S"
"243","Winthrop St","2S"
"244","Church Av","2S"
"245","Beverly Rd","2S"
"246","Newkirk Av","2S"
"247","Flatbush Av - Brooklyn College","2S"
"247","Flatbush Av - Brooklyn College","2N"
"246","Newkirk Av","2N"
"245","Beverly Rd","2N"
"244","Church Av","2N"
"243","Winthrop St","2N"
"242","Sterling St","2N"
"241","President St","2N"
"239","Franklin Av","2N"
"238","Eastern Pkwy - Brooklyn Museum","2N"
"237","Grand Army Plaza","2N"
"236","Bergen St","2N"
"235","Atlantic Av - Barclays Ctr","2N"
"234","Nevins St","2N"
"233","Hoyt St","2N"
"232","Borough Hall","2N"
"231","Clark St","2N"
"230","Wall St","2N"
"229","Fulton St","2N"
"228","Park Pl","2N"
"137","Chambers St","2N"
"136","Franklin St","2N"
"135","Canal St","2N"
"134","Houston St","2N"
"133","Christopher St - Sheridan Sq","2N"
"132","14 St","2N"
"131","18 St","2N"
"130","23 St","2N"
"129","28 St","2N"
"128","34 St - Penn Station","2N"
"127","Times Sq - 42 St","2N"
"126","50 St","2N"
"125","59 St - Columbus Circle","2N"
"124","66 St - Lincoln Center","2N"
"123","72 St","2N"
"122","79 St","2N"
"121","86 St","2N"
"120","96 St","2N"
"227","Central Park North (110 St)","2N"
"226","116 St","2N"
"225","125 St","2N"
"224","135 St","2N"
"222","149 St - Grand Concourse","2N"
"221","3 Av - 149 St","2N"
"220","Jackson Av","2N"
"219","Prospect Av","2N"
"218","Intervale Av","2N"
"217","Simpson St","2N"
"216","Freeman St","2N"
"215","174 St","2N"
"214","West Farms Sq - E Tremont Av","2N"
"213","E 180 St","2N"
"212","Bronx Park East","2N"
"211","Pelham Pkwy","2N"
"210","Allerton Av","2N"
"209","Burke Av","2N"
"208","Gun Hill Rd","2N"
"207","219 St","2N"
"206","225 St","2N"
"205","233 St","2N"
"204","Nereid Av","2N"
"201","Wakefield - 241 St","2N"
"248","Nostrand Av","2S"
"249","Kingston Av","2S"
"250","Crown Hts - Utica Av","2S"
"251","Sutter Av - Rutland Rd","2S"
"252","Saratoga Av","2S"
"253","Rockaway Av","2S"
"254","Junius St","2S"
"255","Pennsylvania Av","2S"
"256","Van Siclen Av","2S"
"257","New Lots Av","2S"
"257","New Lots Av","2N"
"256","Van Siclen Av","2N"
"255","Pennsylvania Av","2N"
"254","Junius St","2N"
"253","Rockaway Av","2N"
"252","Saratoga Av","2N"
"251","Sutter Av - Rutland Rd","2N"
"250","Crown Hts - Utica Av","2N"
"249","Kingston Av","2N"
"248","Nostrand Av","2N"
"301","Harlem - 148 St","3S"
"302","145 St","3S"
"224","135 St","3S"
"225","125 St","3S"
"226","116 St","3S"
"227","Central Park North (110 St)","3S"
"120","96 St","3S"
"123","72 St","3S"
"127","Times Sq - 42 St","3S"
"127","Times Sq - 42 St","3N"
"123","72 St","3N"
"120","96 St","3N"
"227","Central Park North (110 St)","3N"
"226","116 St","3N"
"225","125 St","3N"
"224","135 St","3N"
"302","145 St","3N"
"301","Harlem - 148 St","3N"
"257","New Lots Av","3N"
"256","Van Siclen Av","3N"
"255","Pennsylvania Av","3N"
"254","Junius St","3N"
"253","Rockaway Av","3N"
"252","Saratoga Av","3N"
"251","Sutter Av - Rutland Rd","3N"
"250","Crown Hts - Utica Av","3N"
"249","Kingston Av","3N"
"248","Nostrand Av","3N"
"239","Franklin Av","3N"
"238","Eastern Pkwy - Brooklyn Museum","3N"
"237","Grand Army Plaza","3N"
"236","Bergen St","3N"
"235","Atlantic Av - Barclays Ctr","3N"
"234","Nevins St","3N"
"233","Hoyt St","3N"
"232","Borough Hall","3N"
"231","Clark St","3N"
"230","Wall St","3N"
"229","Fulton St","3N"
"228","Park Pl","3N"
"137","Chambers St","3N"
"132","14 St","3N"
"128","34 St - Penn Station","3N"
"128","34 St - Penn Station","3S"
"132","14 St","3S"
"137","Chambers St","3S"
"228","Park Pl","3S"
"229","Fulton St","3S"
"230","Wall St","3S"
"231","Clark St","3S"
"232","Borough Hall","3S"
"233","Hoyt St","3S"
"234","Nevins St","3S"
"235","Atlantic Av - Barclays Ctr","3S"
"236","Bergen St","3S"
"237","Grand Army Plaza","3S"
"238","Eastern Pkwy - Brooklyn Museum","3S"
"239","Franklin Av","3S"
"248","Nostrand Av","3S"
"249","Kingston Av","3S"
"250","Crown Hts - Utica Av","3S"
"251","Sutter Av - Rutland Rd","3S"
"252","Saratoga Av","3S"
"253","Rockaway Av","3S"
"254","Junius St","3S"
"255","Pennsylvania Av","3S"
"256","Van Siclen Av","3S"
"257","New Lots Av","3S"
"401","Woodlawn","4S"
"402","Mosholu Pkwy","4S"
"405","Bedford Park Blvd - Lehman College","4S"
"406","Kingsbridge Rd","4S"
"407","Fordham Rd","4S"
"408","183 St","4S"
"409","Burnside Av","4S"
"410","176 St","4S"
"411","Mt Eden Av","4S"
"412","170 St","4S"
"413","167 St","4S"
"414","161 St - Yankee Stadium","4S"
"415","149 St - Grand Concourse","4S"
"416","138 St - Grand Concourse","4S"
"621","125 St","4S"
"626","86 St","4S"
"629","59 St","4S"
"631","Grand Central - 42 St","4S"
"635","14 St - Union Sq","4S"
"640","Brooklyn Bridge - City Hall","4S"
"418","Fulton St","4S"
"419","Wall St","4S"
"420","Bowling Green","4S"
"423","Borough Hall","4S"
"234","Nevins St","4S"
"235","Atlantic Av - Barclays Ctr","4S"
"236","Bergen St","4S"
"237","Grand Army Plaza","4S"
"238","Eastern Pkwy - Brooklyn Museum","4S"
"239","Franklin Av","4S"
"248","Nostrand Av","4S"
"249","Kingston Av","4S"
"250","Crown Hts - Utica Av","4S"
"251","Sutter Av - Rutland Rd","4S"
"252","Saratoga Av","4S"
"253","Rockaway Av","4S"
"254","Junius St","4S"
"255","Pennsylvania Av","4S"
"256","Van Siclen Av","4S"
"257","New Lots Av","4S"
"257","New Lots Av","4N"
"256","Van Siclen Av","4N"
"255","Pennsylvania Av","4N"
"254","Junius St","4N"
"253","Rockaway Av","4N"
"252","Saratoga Av","4N"
"251","Sutter Av - Rutland Rd","4N"
"250","Crown Hts - Utica Av","4N"
"249","Kingston Av","4N"
"248","Nostrand Av","4N"
"239","Franklin Av","4N"
"238","Eastern Pkwy - Brooklyn Museum","4N"
"237","Grand Army Plaza","4N"
"236","Bergen St","4N"
"235","Atlantic Av - Barclays Ctr","4N"
"234","Nevins St","4N"
"423","Borough Hall","4N"
"420","Bowling Green","4N"
"419","Wall St","4N"
"418","Fulton St","4N"
"640","Brooklyn Bridge - City Hall","4N"
"639","Canal St","4N"
"638","Spring St","4N"
"637","Bleecker St","4N"
"636","Astor Pl","4N"
"635","14 St - Union Sq","4N"
"634","23 St","4N"
"633","28 St","4N"
"632","33 St","4N"
"631","Grand Central - 42 St","4N"
"630","51 St","4N"
"629","59 St","4N"
"628","68 St - Hunter College","4N"
"627","77 St","4N"
"626","86 St","4N"
"625","96 St","4N"
"624","103 St","4N"
"623","110 St","4N"
"622","116 St","4N"
"621","125 St","4N"
"416","138 St - Grand Concourse","4N"
"415","149 St - Grand Concourse","4N"
"414","161 St - Yankee Stadium","4N"
"413","167 St","4N"
"412","170 St","4N"
"411","Mt Eden Av","4N"
"410","176 St","4N"
"409","Burnside Av","4N"
"408","183 St","4N"
"407","Fordham Rd","4N"
"406","Kingsbridge Rd","4N"
"405","Bedford Park Blvd - Lehman College","4N"
"402","Mosholu Pkwy","4N"
"401","Woodlawn","4N"
"622","116 St","4S"
"623","110 St","4S"
"624","103 St","4S"
"625","96 St","4S"
"627","77 St","4S"
"628","68 St - Hunter College","4S"
"630","51 St","4S"
"632","33 St","4S"
"633","28 St","4S"
"634","23 St","4S"
"636","Astor Pl","4S"
"637","Bleecker St","4S"
"638","Spring St","4S"
"639","Canal St","4S"
"501","Eastchester - Dyre Av","5S"
"502","Baychester Av","5S"
"503","Gun Hill Rd","5S"
"504","Pelham Pkwy","5S"
"505","Morris Park","5S"
"213","E 180 St","5S"
"213","E 180 St","5N"
"505","Morris Park","5N"
"504","Pelham Pkwy","5N"
"503","Gun Hill Rd","5N"
"502","Baychester Av","5N"
"501","Eastchester - Dyre Av","5N"
"257","New Lots Av","5N"
"256","Van Siclen Av","5N"
"255","Pennsylvania Av","5N"
"254","Junius St","5N"
"253","Rockaway Av","5N"
"252","Saratoga Av","5N"
"251","Sutter Av - Rutland Rd","5N"
"250","Crown Hts - Utica Av","5N"
"249","Kingston Av","5N"
"248","Nostrand Av","5N"
"239","Franklin Av","5N"
"235","Atlantic Av - Barclays Ctr","5N"
"234","Nevins St","5N"
"423","Borough Hall","5N"
"420","Bowling Green","5N"
"419","Wall St","5N"
"418","Fulton St","5N"
"640","Brooklyn Bridge - City Hall","5N"
"635","14 St - Union Sq","5N"
"631","Grand Central - 42 St","5N"
"629","59 St","5N"
"626","86 St","5N"
"621","125 St","5N"
"416","138 St - Grand Concourse","5N"
"222","149 St - Grand Concourse","5N"
"221","3 Av - 149 St","5N"
"220","Jackson Av","5N"
"219","Prospect Av","5N"
"218","Intervale Av","5N"
"217","Simpson St","5N"
"216","Freeman St","5N"
"215","174 St","5N"
"214","West Farms Sq - E Tremont Av","5N"
"247","Flatbush Av - Brooklyn College","5N"
"246","Newkirk Av","5N"
"245","Beverly Rd","5N"
"244","Church Av","5N"
"243","Winthrop St","5N"
"242","Sterling St","5N"
"241","President St","5N"
"214","West Farms Sq - E Tremont Av","5S"
"215","174 St","5S"
"216","Freeman St","5S"
"217","Simpson St","5S"
"218","Intervale Av","5S"
"219","Prospect Av","5S"
"220","Jackson Av","5S"
"221","3 Av - 149 St","5S"
"222","149 St - Grand Concourse","5S"
"416","138 St - Grand Concourse","5S"
"621","125 St","5S"
"626","86 St","5S"
"629","59 St","5S"
"631","Grand Central - 42 St","5S"
"635","14 St - Union Sq","5S"
"640","Brooklyn Bridge - City Hall","5S"
"418","Fulton St","5S"
"419","Wall St","5S"
"420","Bowling Green","5S"
"423","Borough Hall","5S"
"234","Nevins St","5S"
"235","Atlantic Av - Barclays Ctr","5S"
"239","Franklin Av","5S"
"241","President St","5S"
"242","Sterling St","5S"
"243","Winthrop St","5S"
"244","Church Av","5S"
"245","Beverly Rd","5S"
"246","Newkirk Av","5S"
"247","Flatbush Av - Brooklyn College","5S"
"204","Nereid Av","5S"
"205","233 St","5S"
"206","225 St","5S"
"207","219 St","5S"
"208","Gun Hill Rd","5S"
"209","Burke Av","5S"
"210","Allerton Av","5S"
"211","Pelham Pkwy","5S"
"212","Bronx Park East","5S"
"250","Crown Hts - Utica Av","5S"
"212","Bronx Park East","5N"
"211","Pelham Pkwy","5N"
"210","Allerton Av","5N"
"209","Burke Av","5N"
"208","Gun Hill Rd","5N"
"207","219 St","5N"
"206","225 St","5N"
"205","233 St","5N"
"204","Nereid Av","5N"
"251","Sutter Av - Rutland Rd","5S"
"252","Saratoga Av","5S"
"253","Rockaway Av","5S"
"254","Junius St","5S"
"255","Pennsylvania Av","5S"
"256","Van Siclen Av","5S"
"257","New Lots Av","5S"
"601","Pelham Bay Park","6S"
"602","Buhre Av","6S"
"603","Middletown Rd","6S"
"604","Westchester Sq - E Tremont Av","6S"
"606","Zerega Av","6S"
"607","Castle Hill Av","6S"
"608","Parkchester","6S"
"609","St Lawrence Av","6S"
"610","Morrison Av- Sound View","6S"
"611","Elder Av","6S"
"612","Whitlock Av","6S"
"613","Hunts Point Av","6S"
"614","Longwood Av","6S"
"615","E 149 St","6S"
"616","E 143 St - St Mary's St","6S"
"617","Cypress Av","6S"
"618","Brook Av","6S"
"619","3 Av - 138 St","6S"
"621","125 St","6S"
"622","116 St","6S"
"623","110 St","6S"
"624","103 St","6S"
"625","96 St","6S"
"626","86 St","6S"
"627","77 St","6S"
"628","68 St - Hunter College","6S"
"629","59 St","6S"
"630","51 St","6S"
"631","Grand Central - 42 St","6S"
"632","33 St","6S"
"633","28 St","6S"
"634","23 St","6S"
"635","14 St - Union Sq","6S"
"636","Astor Pl","6S"
"637","Bleecker St","6S"
"638","Spring St","6S"
"639","Canal St","6S"
"640","Brooklyn Bridge - City Hall","6S"
"640","Brooklyn Bridge - City Hall","6N"
"639","Canal St","6N"
"638","Spring St","6N"
"637","Bleecker St","6N"
"636","Astor Pl","6N"
"635","14 St - Union Sq","6N"
"634","23 St","6N"
"633","28 St","6N"
"632","33 St","6N"
"631","Grand Central - 42 St","6N"
"630","51 St","6N"
"629","59 St","6N"
"628","68 St - Hunter College","6N"
"627","77 St","6N"
"626","86 St","6N"
"625","96 St","6N"
"624","103 St","6N"
"623","110 St","6N"
"622","116 St","6N"
"621","125 St","6N"
"619","3 Av - 138 St","6N"
"618","Brook Av","6N"
"617","Cypress Av","6N"
"616","E 143 St - St Mary's St","6N"
"615","E 149 St","6N"
"614","Longwood Av","6N"
"613","Hunts Point Av","6N"
"612","Whitlock Av","6N"
"611","Elder Av","6N"
"610","Morrison Av- Sound View","6N"
"609","St Lawrence Av","6N"
"608","Parkchester","6N"
"607","Castle Hill Av","6N"
"606","Zerega Av","6N"
"604","Westchester Sq - E Tremont Av","6N"
"603","Middletown Rd","6N"
"602","Buhre Av","6N"
"601","Pelham Bay Park","6N"
"701","Flushing - Main St","7S"
"702","Mets - Willets Point","7S"
"705","111 St","7S"
"706","103 St - Corona Plaza","7S"
"707","Junction Blvd","7S"
"708","90 St - Elmhurst Av","7S"
"709","82 St - Jackson Hts","7S"
"710","74 St - Broadway","7S"
"711","69 St","7S"
"712","Woodside - 61 St","7S"
"713","52 St","7S"
"714","46 St","7S"
"715","40 St","7S"
"716","33 St","7S"
"718","Queensboro Plaza","7S"
"719","Court Sq","7S"
"720","Hunters Point Av","7S"
"721","Vernon Blvd - Jackson Av","7S"
"723","Grand Central - 42 St","7S"
"724","5 Av","7S"
"725","Times Sq - 42 St","7S"
"725","Times Sq - 42 St","7N"
"724","5 Av","7N"
"723","Grand Central - 42 St","7N"
"721","Vernon Blvd - Jackson Av","7N"
"720","Hunters Point Av","7N"
"719","Court Sq","7N"
"718","Queensboro Plaza","7N"
"716","33 St","7N"
"715","40 St","7N"
"714","46 St","7N"
"713","52 St","7N"
"712","Woodside - 61 St","7N"
"711","69 St","7N"
"710","74 St - Broadway","7N"
"709","82 St - Jackson Hts","7N"
"708","90 St - Elmhurst Av","7N"
"707","Junction Blvd","7N"
"706","103 St - Corona Plaza","7N"
"705","111 St","7N"
"702","Mets - Willets Point","7N"
"701","Flushing - Main St","7N"
"901","Grand Central - 42 St","GN"
"902","Times Sq - 42 St","GN"
"902","Times Sq - 42 St","GS"
"901","Grand Central - 42 St","GS"
"A02","Inwood - 207 St","AS"
"A03","Dyckman St","AS"
"A05","190 St","AS"
"A06","181 St","AS"
"A07","175 St","AS"
"A09","168 St","AS"
"A10","163 St - Amsterdam Av","AS"
"A11","155 St","AS"
"A12","145 St","AS"
"A14","135 St","AS"
"A15","125 St","AS"
"A16","116 St","AS"
"A17","Cathedral Pkwy (110 St)","AS"
"A18","103 St","AS"
"A19","96 St","AS"
"A20","86 St","AS"
"A21","81 St - Museum of Natural History","AS"
"A22","72 St","AS"
"A24","59 St - Columbus Circle","AS"
"A25","50 St","AS"
"A27","42 St - Port Authority Bus Terminal","AS"
"A28","34 St - Penn Station","AS"
"A30","23 St","AS"
"A31","14 St","AS"
"A32","W 4 St","AS"
"A33","Spring St","AS"
"A34","Canal St","AS"
"A36","Chambers St","AS"
"A38","Fulton St","AS"
"A40","High St","AS"
"A41","Jay St - MetroTech","AS"
"A42","Hoyt - Schermerhorn Sts","AS"
"A43","Lafayette Av","AS"
"A44","Clinton - Washington Avs","AS"
"A45","Franklin Av","AS"
"A46","Nostrand Av","AS"
"A47","Kingston - Throop Avs","AS"
"A48","Utica Av","AS"
"A49","Ralph Av","AS"
"A50","Rockaway Av","AS"
"A51","Broadway Jct","AS"
"A52","Liberty Av","AS"
"A53","Van Siclen Av","AS"
"A54","Shepherd Av","AS"
"A55","Euclid Av","AS"
"A57","Grant Av","AS"
"A59","80 St","AS"
"A60","88 St","AS"
"A61","Rockaway Blvd","AS"
"H02","Aqueduct - N Conduit Av","AS"
"H03","Howard Beach - JFK Airport","AS"
"H04","Broad Channel","AS"
"H06","Beach 67 St","AS"
"H07","Beach 60 St","AS"
"H08","Beach 44 St","AS"
"H09","Beach 36 St","AS"
"H10","Beach 25 St","AS"
"H11","Far Rockaway - Mott Av","AS"
"H11","Far Rockaway - Mott Av","AN"
"H10","Beach 25 St","AN"
"H09","Beach 36 St","AN"
"H08","Beach 44 St","AN"
"H07","Beach 60 St","AN"
"H06","Beach 67 St","AN"
"H04","Broad Channel","AN"
"H03","Howard Beach - JFK Airport","AN"
"H02","Aqueduct - N Conduit Av","AN"
"A61","Rockaway Blvd","AN"
"A60","88 St","AN"
"A59","80 St","AN"
"A57","Grant Av","AN"
"A55","Euclid Av","AN"
"A54","Shepherd Av","AN"
"A53","Van Siclen Av","AN"
"A52","Liberty Av","AN"
"A51","Broadway Jct","AN"
"A50","Rockaway Av","AN"
"A49","Ralph Av","AN"
"A48","Utica Av","AN"
"A47","Kingston - Throop Avs","AN"
"A46","Nostrand Av","AN"
"A45","Franklin Av","AN"
"A44","Clinton - Washington Avs","AN"
"A43","Lafayette Av","AN"
"A42","Hoyt - Schermerhorn Sts","AN"
"A41","Jay St - MetroTech","AN"
"A40","High St","AN"
"A38","Fulton St","AN"
"A36","Chambers St","AN"
"A34","Canal St","AN"
"A33","Spring St","AN"
"A32","W 4 St","AN"
"A31","14 St","AN"
"A30","23 St","AN"
"A28","34 St - Penn Station","AN"
"A27","42 St - Port Authority Bus Terminal","AN"
"A25","50 St","AN"
"A24","59 St - Columbus Circle","AN"
"A22","72 St","AN"
"A21","81 St - Museum of Natural History","AN"
"A20","86 St","AN"
"A19","96 St","AN"
"A18","103 St","AN"
"A17","Cathedral Pkwy (110 St)","AN"
"A16","116 St","AN"
"A15","125 St","AN"
"A14","135 St","AN"
"A12","145 St","AN"
"A11","155 St","AN"
"A10","163 St - Amsterdam Av","AN"
"A09","168 St","AN"
"A07","175 St","AN"
"A06","181 St","AN"
"A05","190 St","AN"
"A03","Dyckman St","AN"
"A02","Inwood - 207 St","AN"
"A65","Ozone Park - Lefferts Blvd","AN"
"A64","111 St","AN"
"A63","104 St","AN"
"H15","Rockaway Park - Beach 116 St","AN"
"H14","Beach 105 St","AN"
"H13","Beach 98 St","AN"
"H12","Beach 90 St","AN"
"A63","104 St","AS"
"A64","111 St","AS"
"A65","Ozone Park - Lefferts Blvd","AS"
"H12","Beach 90 St","AS"
"H13","Beach 98 St","AS"
"H14","Beach 105 St","AS"
"H15","Rockaway Park - Beach 116 St","AS"
"D03","Bedford Park Blvd","BS"
"D04","Kingsbridge Rd","BS"
"D05","Fordham Rd","BS"
"D06","182-183 Sts","BS"
"D07","Tremont Av","BS"
"D08","174-175 Sts","BS"
"D09","170 St","BS"
"D10","167 St","BS"
"D11","161 St - Yankee Stadium","BS"
"D12","155 St","BS"
"D13","145 St","BS"
"A14","135 St","BS"
"A15","125 St","BS"
"A16","116 St","BS"
"A17","Cathedral Pkwy (110 St)","BS"
"A18","103 St","BS"
"A19","96 St","BS"
"A20","86 St","BS"
"A21","81 St - Museum of Natural History","BS"
"A22","72 St","BS"
"A24","59 St - Columbus Circle","BS"
"D14","7 Av","BS"
"D15","47-50 Sts - Rockefeller Ctr","BS"
"D16","42 St - Bryant Pk","BS"
"D17","34 St - Herald Sq","BS"
"D20","W 4 St","BS"
"D21","Broadway-Lafayette St","BS"
"D22","Grand St","BS"
"R30","DeKalb Av","BS"
"D24","Atlantic Av - Barclays Ctr","BS"
"D25","7 Av","BS"
"D26","Prospect Park","BS"
"D28","Church Av","BS"
"D31","Newkirk Av","BS"
"D35","Kings Hwy","BS"
"D39","Sheepshead Bay","BS"
"D40","Brighton Beach","BS"
"D40","Brighton Beach","BN"
"D39","Sheepshead Bay","BN"
"D35","Kings Hwy","BN"
"D31","Newkirk Av","BN"
"D28","Church Av","BN"
"D26","Prospect Park","BN"
"D25","7 Av","BN"
"D24","Atlantic Av - Barclays Ctr","BN"
"R30","DeKalb Av","BN"
"D22","Grand St","BN"
"D21","Broadway-Lafayette St","BN"
"D20","W 4 St","BN"
"D17","34 St - Herald Sq","BN"
"D16","42 St - Bryant Pk","BN"
"D15","47-50 Sts - Rockefeller Ctr","BN"
"D14","7 Av","BN"
"A24","59 St - Columbus Circle","BN"
"A22","72 St","BN"
"A21","81 St - Museum of Natural History","BN"
"A20","86 St","BN"
"A19","96 St","BN"
"A18","103 St","BN"
"A17","Cathedral Pkwy (110 St)","BN"
"A16","116 St","BN"
"A15","125 St","BN"
"A14","135 St","BN"
"D13","145 St","BN"
"D12","155 St","BN"
"D11","161 St - Yankee Stadium","BN"
"D10","167 St","BN"
"D09","170 St","BN"
"D08","174-175 Sts","BN"
"D07","Tremont Av","BN"
"D06","182-183 Sts","BN"
"D05","Fordham Rd","BN"
"D04","Kingsbridge Rd","BN"
"D03","Bedford Park Blvd","BN"
"A55","Euclid Av","CN"
"A54","Shepherd Av","CN"
"A53","Van Siclen Av","CN"
"A52","Liberty Av","CN"
"A51","Broadway Jct","CN"
"A50","Rockaway Av","CN"
"A49","Ralph Av","CN"
"A48","Utica Av","CN"
"A47","Kingston - Throop Avs","CN"
"A46","Nostrand Av","CN"
"A45","Franklin Av","CN"
"A44","Clinton - Washington Avs","CN"
"A43","Lafayette Av","CN"
"A42","Hoyt - Schermerhorn Sts","CN"
"A41","Jay St - MetroTech","CN"
"A40","High St","CN"
"A38","Fulton St","CN"
"A36","Chambers St","CN"
"A34","Canal St","CN"
"A33","Spring St","CN"
"A32","W 4 St","CN"
"A31","14 St","CN"
"A30","23 St","CN"
"A28","34 St - Penn Station","CN"
"A27","42 St - Port Authority Bus Terminal","CN"
"A25","50 St","CN"
"A24","59 St - Columbus Circle","CN"
"A22","72 St","CN"
"A21","81 St - Museum of Natural History","CN"
"A20","86 St","CN"
"A19","96 St","CN"
"A18","103 St","CN"
"A17","Cathedral Pkwy (110 St)","CN"
"A16","116 St","CN"
"A15","125 St","CN"
"A14","135 St","CN"
"A12","145 St","CN"
"A11","155 St","CN"
"A10","163 St - Amsterdam Av","CN"
"A09","168 St","CN"
"A09","168 St","CS"
"A10","163 St - Amsterdam Av","CS"
"A11","155 St","CS"
"A12","145 St","CS"
"A14","135 St","CS"
"A15","125 St","CS"
"A16","116 St","CS"
"A17","Cathedral Pkwy (110 St)","CS"
"A18","103 St","CS"
"A19","96 St","CS"
"A20","86 St","CS"
"A21","81 St - Museum of Natural History","CS"
"A22","72 St","CS"
"A24","59 St - Columbus Circle","CS"
"A25","50 St","CS"
"A27","42 St - Port Authority Bus Terminal","CS"
"A28","34 St - Penn Station","CS"
"A30","23 St","CS"
"A31","14 St","CS"
"A32","W 4 St","CS"
"A33","Spring St","CS"
"A34","Canal St","CS"
"A36","Chambers St","CS"
"A38","Fulton St","CS"
"A40","High St","CS"
"A41","Jay St - MetroTech","CS"
"A42","Hoyt - Schermerhorn Sts","CS"
"A43","Lafayette Av","CS"
"A44","Clinton - Washington Avs","CS"
"A45","Franklin Av","CS"
"A46","Nostrand Av","CS"
"A47","Kingston - Throop Avs","CS"
"A48","Utica Av","CS"
"A49","Ralph Av","CS"
"A50","Rockaway Av","CS"
"A51","Broadway Jct","CS"
"A52","Liberty Av","CS"
"A53","Van Siclen Av","CS"
"A54","Shepherd Av","CS"
"A55","Euclid Av","CS"
"D01","Norwood - 205 St","DS"
"D03","Bedford Park Blvd","DS"
"D04","Kingsbridge Rd","DS"
"D05","Fordham Rd","DS"
"D06","182-183 Sts","DS"
"D07","Tremont Av","DS"
"D08","174-175 Sts","DS"
"D09","170 St","DS"
"D10","167 St","DS"
"D11","161 St - Yankee Stadium","DS"
"D12","155 St","DS"
"D13","145 St","DS"
"A15","125 St","DS"
"A24","59 St - Columbus Circle","DS"
"D14","7 Av","DS"
"D15","47-50 Sts - Rockefeller Ctr","DS"
"D16","42 St - Bryant Pk","DS"
"D17","34 St - Herald Sq","DS"
"D20","W 4 St","DS"
"D21","Broadway-Lafayette St","DS"
"D22","Grand St","DS"
"R30","DeKalb Av","DS"
"R31","Atlantic Av - Barclays Ctr","DS"
"R32","Union St","DS"
"R33","9 St","DS"
"R34","Prospect Av","DS"
"R35","25 St","DS"
"R36","36 St","DS"
"B12","9 Av","DS"
"B13","Fort Hamilton Pkwy","DS"
"B14","50 St","DS"
"B15","55 St","DS"
"B16","62 St","DS"
"B17","71 St","DS"
"B18","79 St","DS"
"B19","18 Av","DS"
"B20","20 Av","DS"
"B21","Bay Pkwy","DS"
"B22","25 Av","DS"
"B23","Bay 50 St","DS"
"D43","Coney Island - Stillwell Av","DS"
"D43","Coney Island - Stillwell Av","DN"
"B23","Bay 50 St","DN"
"B22","25 Av","DN"
"B21","Bay Pkwy","DN"
"B20","20 Av","DN"
"B19","18 Av","DN"
"B18","79 St","DN"
"B17","71 St","DN"
"B16","62 St","DN"
"B15","55 St","DN"
"B14","50 St","DN"
"B13","Fort Hamilton Pkwy","DN"
"B12","9 Av","DN"
"R36","36 St","DN"
"R35","25 St","DN"
"R34","Prospect Av","DN"
"R33","9 St","DN"
"R32","Union St","DN"
"R31","Atlantic Av - Barclays Ctr","DN"
"R30","DeKalb Av","DN"
"D22","Grand St","DN"
"D21","Broadway-Lafayette St","DN"
"D20","W 4 St","DN"
"D17","34 St - Herald Sq","DN"
"D16","42 St - Bryant Pk","DN"
"D15","47-50 Sts - Rockefeller Ctr","DN"
"D14","7 Av","DN"
"A24","59 St - Columbus Circle","DN"
"A15","125 St","DN"
"D13","145 St","DN"
"D12","155 St","DN"
"D11","161 St - Yankee Stadium","DN"
"D10","167 St","DN"
"D09","170 St","DN"
"D08","174-175 Sts","DN"
"D07","Tremont Av","DN"
"D06","182-183 Sts","DN"
"D05","Fordham Rd","DN"
"D04","Kingsbridge Rd","DN"
"D03","Bedford Park Blvd","DN"
"D01","Norwood - 205 St","DN"
"G05","Jamaica Center - Parsons/Archer","ES"
"G06","Sutphin Blvd - Archer Av - JFK Airport","ES"
"G07","Jamaica - Van Wyck","ES"
"F05","Briarwood - Van Wyck Blvd","ES"
"F06","Kew Gardens - Union Tpke","ES"
"F07","75 Av","ES"
"G08","Forest Hills - 71 Av","ES"
"G09","67 Av","ES"
"G10","63 Dr - Rego Park","ES"
"G11","Woodhaven Blvd","ES"
"G12","Grand Av - Newtown","ES"
"G13","Elmhurst Av","ES"
"G14","Jackson Hts - Roosevelt Av","ES"
"G15","65 St","ES"
"G16","Northern Blvd","ES"
"G18","46 St","ES"
"G19","Steinway St","ES"
"G20","36 St","ES"
"G21","Queens Plaza","ES"
"F09","Court Sq","ES"
"F11","Lexington Av/53 St","ES"
"F12","5 Av/53 St","ES"
"D14","7 Av","ES"
"A25","50 St","ES"
"A27","42 St - Port Authority Bus Terminal","ES"
"A28","34 St - Penn Station","ES"
"A30","23 St","ES"
"A31","14 St","ES"
"A32","W 4 St","ES"
"A33","Spring St","ES"
"A34","Canal St","ES"
"E01","World Trade Center","ES"
"E01","World Trade Center","EN"
"A34","Canal St","EN"
"A33","Spring St","EN"
"A32","W 4 St","EN"
"A31","14 St","EN"
"A30","23 St","EN"
"A28","34 St - Penn Station","EN"
"A27","42 St - Port Authority Bus Terminal","EN"
"A25","50 St","EN"
"D14","7 Av","EN"
"F12","5 Av/53 St","EN"
"F11","Lexington Av/53 St","EN"
"F09","Court Sq","EN"
"G21","Queens Plaza","EN"
"G20","36 St","EN"
"G19","Steinway St","EN"
"G18","46 St","EN"
"G16","Northern Blvd","EN"
"G15","65 St","EN"
"G14","Jackson Hts - Roosevelt Av","EN"
"G13","Elmhurst Av","EN"
"G12","Grand Av - Newtown","EN"
"G11","Woodhaven Blvd","EN"
"G10","63 Dr - Rego Park","EN"
"G09","67 Av","EN"
"G08","Forest Hills - 71 Av","EN"
"F07","75 Av","EN"
"F06","Kew Gardens - Union Tpke","EN"
"F05","Briarwood - Van Wyck Blvd","EN"
"G07","Jamaica - Van Wyck","EN"
"G06","Sutphin Blvd - Archer Av - JFK Airport","EN"
"G05","Jamaica Center - Parsons/Archer","EN"
"F01","Jamaica - 179 St","ES"
"F03","Parsons Blvd","ES"
"F03","Parsons Blvd","EN"
"F01","Jamaica - 179 St","EN"
"F01","Jamaica - 179 St","FS"
"F02","169 St","FS"
"F03","Parsons Blvd","FS"
"F04","Sutphin Blvd","FS"
"F05","Briarwood - Van Wyck Blvd","FS"
"F06","Kew Gardens - Union Tpke","FS"
"F07","75 Av","FS"
"G08","Forest Hills - 71 Av","FS"
"G14","Jackson Hts - Roosevelt Av","FS"
"B04","21 St - Queensbridge","FS"
"B06","Roosevelt Island","FS"
"B08","Lexington Av/63 St","FS"
"B10","57 St","FS"
"D15","47-50 Sts - Rockefeller Ctr","FS"
"D16","42 St - Bryant Pk","FS"
"D17","34 St - Herald Sq","FS"
"D18","23 St","FS"
"D19","14 St","FS"
"D20","W 4 St","FS"
"D21","Broadway-Lafayette St","FS"
"F14","2 Av","FS"
"F15","Delancey St","FS"
"F16","East Broadway","FS"
"F18","York St","FS"
"A41","Jay St - MetroTech","FS"
"F20","Bergen St","FS"
"F21","Carroll St","FS"
"F22","Smith - 9 Sts","FS"
"F23","4 Av","FS"
"F24","7 Av","FS"
"F25","15 St - Prospect Park","FS"
"F26","Fort Hamilton Pkwy","FS"
"F27","Church Av","FS"
"F29","Ditmas Av","FS"
"F30","18 Av","FS"
"F31","Avenue I","FS"
"F32","Bay Pkwy","FS"
"F33","Avenue N","FS"
"F34","Avenue P","FS"
"F35","Kings Hwy","FS"
"F36","Avenue U","FS"
"F38","Avenue X","FS"
"F39","Neptune Av","FS"
"D42","W 8 St - NY Aquarium","FS"
"D43","Coney Island - Stillwell Av","FS"
"D43","Coney Island - Stillwell Av","FN"
"D42","W 8 St - NY Aquarium","FN"
"F39","Neptune Av","FN"
"F38","Avenue X","FN"
"F36","Avenue U","FN"
"F35","Kings Hwy","FN"
"F34","Avenue P","FN"
"F33","Avenue N","FN"
"F32","Bay Pkwy","FN"
"F31","Avenue I","FN"
"F30","18 Av","FN"
"F29","Ditmas Av","FN"
"F27","Church Av","FN"
"F26","Fort Hamilton Pkwy","FN"
"F25","15 St - Prospect Park","FN"
"F24","7 Av","FN"
"F23","4 Av","FN"
"F22","Smith - 9 Sts","FN"
"F21","Carroll St","FN"
"F20","Bergen St","FN"
"A41","Jay St - MetroTech","FN"
"F18","York St","FN"
"F16","East Broadway","FN"
"F15","Delancey St","FN"
"F14","2 Av","FN"
"D21","Broadway-Lafayette St","FN"
"D20","W 4 St","FN"
"D19","14 St","FN"
"D18","23 St","FN"
"D17","34 St - Herald Sq","FN"
"D16","42 St - Bryant Pk","FN"
"D15","47-50 Sts - Rockefeller Ctr","FN"
"B10","57 St","FN"
"B08","Lexington Av/63 St","FN"
"B06","Roosevelt Island","FN"
"B04","21 St - Queensbridge","FN"
"G14","Jackson Hts - Roosevelt Av","FN"
"G08","Forest Hills - 71 Av","FN"
"F07","75 Av","FN"
"F06","Kew Gardens - Union Tpke","FN"
"F05","Briarwood - Van Wyck Blvd","FN"
"F04","Sutphin Blvd","FN"
"F03","Parsons Blvd","FN"
"F02","169 St","FN"
"F01","Jamaica - 179 St","FN"
"S01","Franklin Av","FS"
"S03","Park Pl","FS"
"S04","Botanic Garden","FS"
"D26","Prospect Park","FS"
"D26","Prospect Park","FN"
"S04","Botanic Garden","FN"
"S03","Park Pl","FN"
"S01","Franklin Av","FN"
"G22","Court Sq","GS"
"G24","21 St","GS"
"G26","Greenpoint Av","GS"
"G28","Nassau Av","GS"
"G29","Metropolitan Av","GS"
"G30","Broadway","GS"
"G31","Flushing Av","GS"
"G32","Myrtle - Willoughby Avs","GS"
"G33","Bedford - Nostrand Avs","GS"
"G34","Classon Av","GS"
"G35","Clinton - Washington Avs","GS"
"G36","Fulton St","GS"
"A42","Hoyt - Schermerhorn Sts","GS"
"F20","Bergen St","GS"
"F21","Carroll St","GS"
"F22","Smith - 9 Sts","GS"
"F23","4 Av","GS"
"F24","7 Av","GS"
"F25","15 St - Prospect Park","GS"
"F26","Fort Hamilton Pkwy","GS"
"F27","Church Av","GS"
"F27","Church Av","GN"
"F26","Fort Hamilton Pkwy","GN"
"F25","15 St - Prospect Park","GN"
"F24","7 Av","GN"
"F23","4 Av","GN"
"F22","Smith - 9 Sts","GN"
"F21","Carroll St","GN"
"F20","Bergen St","GN"
"A42","Hoyt - Schermerhorn Sts","GN"
"G36","Fulton St","GN"
"G35","Clinton - Washington Avs","GN"
"G34","Classon Av","GN"
"G33","Bedford - Nostrand Avs","GN"
"G32","Myrtle - Willoughby Avs","GN"
"G31","Flushing Av","GN"
"G30","Broadway","GN"
"G29","Metropolitan Av","GN"
"G28","Nassau Av","GN"
"G26","Greenpoint Av","GN"
"G24","21 St","GN"
"G22","Court Sq","GN"
"G05","Jamaica Center - Parsons/Archer","JS"
"G06","Sutphin Blvd - Archer Av - JFK Airport","JS"
"J12","121 St","JS"
"J13","111 St","JS"
"J14","104 St","JS"
"J15","Woodhaven Blvd","JS"
"J16","85 St - Forest Pkwy","JS"
"J17","75 St","JS"
"J19","Cypress Hills","JS"
"J20","Crescent St","JS"
"J21","Norwood Av","JS"
"J22","Cleveland St","JS"
"J23","Van Siclen Av","JS"
"J24","Alabama Av","JS"
"J27","Broadway Jct","JS"
"J28","Chauncey St","JS"
"J29","Halsey St","JS"
"J30","Gates Av","JS"
"J31","Kosciusko St","JS"
"M11","Myrtle Av","JS"
"M12","Flushing Av","JS"
"M13","Lorimer St","JS"
"M14","Hewes St","JS"
"M16","Marcy Av","JS"
"M18","Essex St","JS"
"M19","Bowery","JS"
"M20","Canal St","JS"
"M21","Chambers St","JS"
"M21","Chambers St","JN"
"M20","Canal St","JN"
"M19","Bowery","JN"
"M18","Essex St","JN"
"M16","Marcy Av","JN"
"M14","Hewes St","JN"
"M13","Lorimer St","JN"
"M12","Flushing Av","JN"
"M11","Myrtle Av","JN"
"J31","Kosciusko St","JN"
"J30","Gates Av","JN"
"J29","Halsey St","JN"
"J28","Chauncey St","JN"
"J27","Broadway Jct","JN"
"J24","Alabama Av","JN"
"J23","Van Siclen Av","JN"
"J22","Cleveland St","JN"
"J21","Norwood Av","JN"
"J20","Crescent St","JN"
"J19","Cypress Hills","JN"
"J17","75 St","JN"
"J16","85 St - Forest Pkwy","JN"
"J15","Woodhaven Blvd","JN"
"J14","104 St","JN"
"J13","111 St","JN"
"J12","121 St","JN"
"G06","Sutphin Blvd - Archer Av - JFK Airport","JN"
"G05","Jamaica Center - Parsons/Archer","JN"
"M22","Fulton St","JS"
"M23","Broad St","JS"
"M23","Broad St","JN"
"M22","Fulton St","JN"
"L29","Canarsie - Rockaway Pkwy","LN"
"L28","E 105 St","LN"
"L27","New Lots Av","LN"
"L26","Livonia Av","LN"
"L25","Sutter Av","LN"
"L24","Atlantic Av","LN"
"L22","Broadway Jct","LN"
"L21","Bushwick Av - Aberdeen St","LN"
"L20","Wilson Av","LN"
"L19","Halsey St","LN"
"L17","Myrtle - Wyckoff Avs","LN"
"L16","DeKalb Av","LN"
"L15","Jefferson St","LN"
"L14","Morgan Av","LN"
"L13","Montrose Av","LN"
"L12","Grand St","LN"
"L11","Graham Av","LN"
"L10","Lorimer St","LN"
"L08","Bedford Av","LN"
"L06","1 Av","LN"
"L05","3 Av","LN"
"L03","Union Sq - 14 St","LN"
"L02","6 Av","LN"
"L01","8 Av","LN"
"L01","8 Av","LS"
"L02","6 Av","LS"
"L03","Union Sq - 14 St","LS"
"L05","3 Av","LS"
"L06","1 Av","LS"
"L08","Bedford Av","LS"
"L10","Lorimer St","LS"
"L11","Graham Av","LS"
"L12","Grand St","LS"
"L13","Montrose Av","LS"
"L14","Morgan Av","LS"
"L15","Jefferson St","LS"
"L16","DeKalb Av","LS"
"L17","Myrtle - Wyckoff Avs","LS"
"L19","Halsey St","LS"
"L20","Wilson Av","LS"
"L21","Bushwick Av - Aberdeen St","LS"
"L22","Broadway Jct","LS"
"L24","Atlantic Av","LS"
"L25","Sutter Av","LS"
"L26","Livonia Av","LS"
"L27","New Lots Av","LS"
"L28","E 105 St","LS"
"L29","Canarsie - Rockaway Pkwy","LS"
"M11","Myrtle Av","MS"
"M10","Central Av","MS"
"M09","Knickerbocker Av","MS"
"M08","Myrtle - Wyckoff Avs","MS"
"M06","Seneca Av","MS"
"M05","Forest Av","MS"
"M04","Fresh Pond Rd","MS"
"M01","Middle Village - Metropolitan Av","MS"
"M01","Middle Village - Metropolitan Av","MN"
"M04","Fresh Pond Rd","MN"
"M05","Forest Av","MN"
"M06","Seneca Av","MN"
"M08","Myrtle - Wyckoff Avs","MN"
"M09","Knickerbocker Av","MN"
"M10","Central Av","MN"
"M11","Myrtle Av","MN"
"M12","Flushing Av","MN"
"M13","Lorimer St","MN"
"M14","Hewes St","MN"
"M16","Marcy Av","MN"
"M18","Essex St","MN"
"D21","Broadway-Lafayette St","MN"
"D20","W 4 St","MN"
"D19","14 St","MN"
"D18","23 St","MN"
"D17","34 St - Herald Sq","MN"
"D16","42 St - Bryant Pk","MN"
"D15","47-50 Sts - Rockefeller Ctr","MN"
"F12","5 Av/53 St","MN"
"F11","Lexington Av/53 St","MN"
"F09","Court Sq","MN"
"G21","Queens Plaza","MN"
"G20","36 St","MN"
"G19","Steinway St","MN"
"G18","46 St","MN"
"G16","Northern Blvd","MN"
"G15","65 St","MN"
"G14","Jackson Hts - Roosevelt Av","MN"
"G13","Elmhurst Av","MN"
"G12","Grand Av - Newtown","MN"
"G11","Woodhaven Blvd","MN"
"G10","63 Dr - Rego Park","MN"
"G09","67 Av","MN"
"G08","Forest Hills - 71 Av","MN"
"G08","Forest Hills - 71 Av","MS"
"G09","67 Av","MS"
"G10","63 Dr - Rego Park","MS"
"G11","Woodhaven Blvd","MS"
"G12","Grand Av - Newtown","MS"
"G13","Elmhurst Av","MS"
"G14","Jackson Hts - Roosevelt Av","MS"
"G15","65 St","MS"
"G16","Northern Blvd","MS"
"G18","46 St","MS"
"G19","Steinway St","MS"
"G20","36 St","MS"
"G21","Queens Plaza","MS"
"F09","Court Sq","MS"
"F11","Lexington Av/53 St","MS"
"F12","5 Av/53 St","MS"
"D15","47-50 Sts - Rockefeller Ctr","MS"
"D16","42 St - Bryant Pk","MS"
"D17","34 St - Herald Sq","MS"
"D18","23 St","MS"
"D19","14 St","MS"
"D20","W 4 St","MS"
"D21","Broadway-Lafayette St","MS"
"M18","Essex St","MS"
"M16","Marcy Av","MS"
"M14","Hewes St","MS"
"M13","Lorimer St","MS"
"M12","Flushing Av","MS"
"R36","36 St","RS"
"R39","45 St","RS"
"R40","53 St","RS"
"R41","59 St","RS"
"R42","Bay Ridge Av","RS"
"R43","77 St","RS"
"R44","86 St","RS"
"R45","Bay Ridge - 95 St","RS"
"R45","Bay Ridge - 95 St","RN"
"R44","86 St","RN"
"R43","77 St","RN"
"R42","Bay Ridge Av","RN"
"R41","59 St","RN"
"R36","36 St","RN"
"R40","53 St","RN"
"R39","45 St","RN"
"R35","25 St","RN"
"R34","Prospect Av","RN"
"R33","9 St","RN"
"R32","Union St","RN"
"R31","Atlantic Av - Barclays Ctr","RN"
"R30","DeKalb Av","RN"
"R29","Jay St - MetroTech","RN"
"R28","Court St","RN"
"R28","Court St","RS"
"R29","Jay St - MetroTech","RS"
"R30","DeKalb Av","RS"
"R31","Atlantic Av - Barclays Ctr","RS"
"R32","Union St","RS"
"R33","9 St","RS"
"R34","Prospect Av","RS"
"R35","25 St","RS"
"G08","Forest Hills - 71 Av","RS"
"G09","67 Av","RS"
"G10","63 Dr - Rego Park","RS"
"G11","Woodhaven Blvd","RS"
"G12","Grand Av - Newtown","RS"
"G13","Elmhurst Av","RS"
"G14","Jackson Hts - Roosevelt Av","RS"
"G15","65 St","RS"
"G16","Northern Blvd","RS"
"G18","46 St","RS"
"G19","Steinway St","RS"
"G20","36 St","RS"
"G21","Queens Plaza","RS"
"R11","Lexington Av/59 St","RS"
"R13","5 Av/59 St","RS"
"R14","57 St - 7 Av","RS"
"R15","49 St","RS"
"R16","Times Sq - 42 St","RS"
"R17","34 St - Herald Sq","RS"
"R18","28 St","RS"
"R19","23 St","RS"
"R20","14 St - Union Sq","RS"
"R21","8 St - NYU","RS"
"R22","Prince St","RS"
"R23","Canal St","RS"
"R24","City Hall","RS"
"R25","Cortlandt St","RS"
"R26","Rector St","RS"
"R27","Whitehall St","RS"
"R27","Whitehall St","RN"
"R26","Rector St","RN"
"R25","Cortlandt St","RN"
"R24","City Hall","RN"
"R23","Canal St","RN"
"R22","Prince St","RN"
"R21","8 St - NYU","RN"
"R20","14 St - Union Sq","RN"
"R19","23 St","RN"
"R18","28 St","RN"
"R17","34 St - Herald Sq","RN"
"R16","Times Sq - 42 St","RN"
"R15","49 St","RN"
"R14","57 St - 7 Av","RN"
"R13","5 Av/59 St","RN"
"R11","Lexington Av/59 St","RN"
"G21","Queens Plaza","RN"
"G20","36 St","RN"
"G19","Steinway St","RN"
"G18","46 St","RN"
"G16","Northern Blvd","RN"
"G15","65 St","RN"
"G14","Jackson Hts - Roosevelt Av","RN"
"G13","Elmhurst Av","RN"
"G12","Grand Av - Newtown","RN"
"G11","Woodhaven Blvd","RN"
"G10","63 Dr - Rego Park","RN"
"G09","67 Av","RN"
"G08","Forest Hills - 71 Av","RN"
"R01","Astoria - Ditmars Blvd","NS"
"R03","Astoria Blvd","NS"
"R04","30 Av","NS"
"R05","Broadway","NS"
"R06","36 Av","NS"
"R08","39 Av","NS"
"R09","Queensboro Plaza","NS"
"R11","Lexington Av/59 St","NS"
"R13","5 Av/59 St","NS"
"R14","57 St - 7 Av","NS"
"R15","49 St","NS"
"R16","Times Sq - 42 St","NS"
"R17","34 St - Herald Sq","NS"
"R18","28 St","NS"
"R19","23 St","NS"
"R20","14 St - Union Sq","NS"
"R21","8 St - NYU","NS"
"R22","Prince St","NS"
"Q01","Canal St","NS"
"R30","DeKalb Av","NS"
"R31","Atlantic Av - Barclays Ctr","NS"
"R32","Union St","NS"
"R33","9 St","NS"
"R34","Prospect Av","NS"
"R35","25 St","NS"
"R36","36 St","NS"
"R39","45 St","NS"
"R40","53 St","NS"
"R41","59 St","NS"
"N02","8 Av","NS"
"N03","Fort Hamilton Pkwy","NS"
"N04","New Utrecht Av","NS"
"N05","18 Av","NS"
"N06","20 Av","NS"
"N07","Bay Pkwy","NS"
"N08","Kings Hwy","NS"
"N09","Avenue U","NS"
"N10","86 St","NS"
"D43","Coney Island - Stillwell Av","NS"
"D43","Coney Island - Stillwell Av","NN"
"N10","86 St","NN"
"N09","Avenue U","NN"
"N08","Kings Hwy","NN"
"N07","Bay Pkwy","NN"
"N06","20 Av","NN"
"N05","18 Av","NN"
"N04","New Utrecht Av","NN"
"N03","Fort Hamilton Pkwy","NN"
"N02","8 Av","NN"
"R41","59 St","NN"
"R40","53 St","NN"
"R39","45 St","NN"
"R36","36 St","NN"
"R35","25 St","NN"
"R34","Prospect Av","NN"
"R33","9 St","NN"
"R32","Union St","NN"
"R31","Atlantic Av - Barclays Ctr","NN"
"R30","DeKalb Av","NN"
"Q01","Canal St","NN"
"R22","Prince St","NN"
"R21","8 St - NYU","NN"
"R20","14 St - Union Sq","NN"
"R19","23 St","NN"
"R18","28 St","NN"
"R17","34 St - Herald Sq","NN"
"R16","Times Sq - 42 St","NN"
"R15","49 St","NN"
"R14","57 St - 7 Av","NN"
"R13","5 Av/59 St","NN"
"R11","Lexington Av/59 St","NN"
"R60","#N/A","NN"
"R09","Queensboro Plaza","NN"
"R08","39 Av","NN"
"R06","36 Av","NN"
"R05","Broadway","NN"
"R04","30 Av","NN"
"R03","Astoria Blvd","NN"
"R01","Astoria - Ditmars Blvd","NN"
"N12","S.B. Coney Island Creek","NN"
"D43","Coney Island - Stillwell Av","QN"
"D42","W 8 St - NY Aquarium","QN"
"D41","Ocean Pkwy","QN"
"D40","Brighton Beach","QN"
"D39","Sheepshead Bay","QN"
"D38","Neck Rd","QN"
"D37","Avenue U","QN"
"D35","Kings Hwy","QN"
"D34","Avenue M","QN"
"D33","Avenue J","QN"
"D32","Avenue H","QN"
"D31","Newkirk Av","QN"
"D30","Cortelyou Rd","QN"
"D29","Beverly Rd","QN"
"D28","Church Av","QN"
"D27","Parkside Av","QN"
"D26","Prospect Park","QN"
"D25","7 Av","QN"
"D24","Atlantic Av - Barclays Ctr","QN"
"R30","DeKalb Av","QN"
"Q01","Canal St","QN"
"R20","14 St - Union Sq","QN"
"R17","34 St - Herald Sq","QN"
"R16","Times Sq - 42 St","QN"
"R14","57 St - 7 Av","QN"
"R14","57 St - 7 Av","QS"
"R16","Times Sq - 42 St","QS"
"R17","34 St - Herald Sq","QS"
"R20","14 St - Union Sq","QS"
"Q01","Canal St","QS"
"R30","DeKalb Av","QS"
"D24","Atlantic Av - Barclays Ctr","QS"
"D25","7 Av","QS"
"D26","Prospect Park","QS"
"D27","Parkside Av","QS"
"D28","Church Av","QS"
"D29","Beverly Rd","QS"
"D30","Cortelyou Rd","QS"
"D31","Newkirk Av","QS"
"D32","Avenue H","QS"
"D33","Avenue J","QS"
"D34","Avenue M","QS"
"D35","Kings Hwy","QS"
"D37","Avenue U","QS"
"D38","Neck Rd","QS"
"D39","Sheepshead Bay","QS"
"D40","Brighton Beach","QS"
"D41","Ocean Pkwy","QS"
"D42","W 8 St - NY Aquarium","QS"
"D43","Coney Island - Stillwell Av","QS"
"R01","Astoria - Ditmars Blvd","QS"
"R03","Astoria Blvd","QS"
"R04","30 Av","QS"
"R05","Broadway","QS"
"R06","36 Av","QS"
"R08","39 Av","QS"
"R09","Queensboro Plaza","QS"
"R11","Lexington Av/59 St","QS"
"R13","5 Av/59 St","QS"
"R15","49 St","QS"
"R15","49 St","QN"
"R13","5 Av/59 St","QN"
"R11","Lexington Av/59 St","QN"
"R09","Queensboro Plaza","QN"
"R08","39 Av","QN"
"R06","36 Av","QN"
"R05","Broadway","QN"
"R04","30 Av","QN"
"R03","Astoria Blvd","QN"
"R01","Astoria - Ditmars Blvd","QN"
"Q01","Canal St","RN"
"Q01","Canal St","RS"
